latitude,longitude,id
31.237872,121.470259,base_1
22.522803,114.218796,base_2
24.284812,102.999068,base_3
25.222206,117.086322,base_4
26.139329,103.078562,base_5
26.215115,109.744661,base_6
28.738742,120.640606,base_7
28.812629,115.952954,base_8
29.151779,120.985563,base_9
29.263844,115.023159,base_10
29.526266,119.910488,base_11
30.442177,120.618727,base_12
30.679943,104.067923,base_13
30.705762,121.33512,base_14
30.715526,121.351073,base_15
30.716044,121.291037,base_16
30.716187,121.349498,base_17
30.718108,121.283169,base_18
30.718302,121.314644,base_19
30.719537,121.355948,base_20
30.719644,121.345988,base_21
30.721392,121.345766,base_22
30.723654,121.330778,base_23
30.72456,121.344043,base_24
30.730296,121.342643,base_25
30.730789,121.343497,base_26
30.731903,121.334173,base_27
30.733903,121.341904,base_28
30.73407,121.350673,base_29
30.734301,121.25722,base_30
30.735262,121.351726,base_31
30.735272,121.380359,base_32
30.735389,121.358248,base_33
30.736093,121.355957,base_34
30.736314,121.354852,base_35
30.738649,121.382934,base_36
30.739639,121.373695,base_37
30.739797,121.32739,base_38
30.741272,121.3348,base_39
30.74139,121.380141,base_40
30.741693,121.367052,base_41
30.746286,121.344028,base_42
30.747024,121.287991,base_43
30.747936,121.348822,base_44
30.749894,121.270796,base_45
30.750457,121.376839,base_46
30.751838,121.360056,base_47
30.758612,121.320541,base_48
30.763589,121.264689,base_49
30.763912,121.333802,base_50
30.7653,121.292527,base_51
30.766975,121.362906,base_52
30.770905,121.407376,base_53
30.771941,121.373524,base_54
30.773575,121.14093,base_55
30.774911,121.259927,base_56
30.77648,121.358227,base_57
30.779826,121.376806,base_58
30.781368,121.418953,base_59
30.781759,121.168333,base_60
30.7834,121.299618,base_61
30.790922,121.348126,base_62
30.793053,121.176224,base_63
30.795602,121.152307,base_64
30.796356,121.199264,base_65
30.796696,121.200272,base_66
30.79706,121.431713,base_67
30.797557,121.356113,base_68
30.798179,121.426469,base_69
30.799332,121.268825,base_70
30.800042,121.417303,base_71
30.801265,121.395878,base_72
30.80226,121.311879,base_73
30.802409,121.205114,base_74
30.802978,121.397313,base_75
30.806653,121.257345,base_76
30.807278,121.304136,base_77
30.808567,121.29074,base_78
30.810888,121.234763,base_79
30.811433,121.309343,base_80
30.814394,121.18284,base_81
30.814573,121.352883,base_82
30.815977,121.436091,base_83
30.816155,121.298392,base_84
30.823953,121.528367,base_85
30.824298,121.363989,base_86
30.824719,121.471519,base_87
30.827125,121.329382,base_88
30.828106,121.187081,base_89
30.829073,121.470254,base_90
30.829105,121.180127,base_91
30.830149,121.35652,base_92
30.831429,121.242309,base_93
30.831909,121.397355,base_94
30.831962,121.534676,base_95
30.83237,121.439654,base_96
30.832601,121.445485,base_97
30.832683,121.481868,base_98
30.834815,121.197836,base_99
30.837343,121.275733,base_100
30.838141,121.189035,base_101
30.838466,121.228977,base_102
30.8406,121.251681,base_103
30.841016,121.482504,base_104
30.841553,121.161299,base_105
30.843004,121.438792,base_106
30.844397,121.528845,base_107
30.844717,121.528288,base_108
30.844718,121.256228,base_109
30.846072,121.32313,base_110
30.846647,121.431405,base_111
30.847557,121.226776,base_112
30.850119,121.499982,base_113
30.85104,121.524116,base_114
30.85108,121.855994,base_115
30.852446,121.262447,base_116
30.852916,121.364997,base_117
30.853798,121.344272,base_118
30.855412,121.569454,base_119
30.855815,121.311882,base_120
30.858416,121.035215,base_121
30.860242,121.79388,base_122
30.860668,121.470193,base_123
30.86245,121.124035,base_124
30.864276,121.112687,base_125
30.865062,121.662776,base_126
30.866245,121.343018,base_127
30.866289,121.103027,base_128
30.866409,121.188512,base_129
30.86683,121.83302,base_130
30.866941,121.595653,base_131
30.867598,121.198612,base_132
30.867838,121.737782,base_133
30.869886,121.901843,base_134
30.872205,121.530081,base_135
30.872829,121.424028,base_136
30.873326,121.284335,base_137
30.873376,121.040678,base_138
30.87366,121.082631,base_139
30.874287,121.67603,base_140
30.874563,121.067902,base_141
30.874727,121.250912,base_142
30.875057,121.324697,base_143
30.876032,121.466173,base_144
30.87706,121.856429,base_145
30.877822,121.548349,base_146
30.879349,121.094749,base_147
30.879413,121.704723,base_148
30.880213,121.907656,base_149
30.880562,121.486561,base_150
30.881092,121.162611,base_151
30.882016,121.532008,base_152
30.88378,121.573239,base_153
30.884387,121.408648,base_154
30.887807,121.346419,base_155
30.88883,121.130607,base_156
30.889117,121.317123,base_157
30.889117,121.319998,base_158
30.889225,121.177092,base_159
30.889354,121.488288,base_160
30.889377,121.176142,base_161
30.889897,121.320413,base_162
30.891109,121.903749,base_163
30.891157,121.186557,base_164
30.891482,121.739107,base_165
30.891706,121.171358,base_166
30.892415,121.023553,base_167
30.893084,121.252519,base_168
30.893492,121.315973,base_169
30.893975,121.016922,base_170
30.894639,121.21016,base_171
30.894923,121.319564,base_172
30.895162,121.094602,base_173
30.895699,121.478289,base_174
30.89577,121.697282,base_175
30.89659,121.281933,base_176
30.897085,121.617832,base_177
30.897457,121.36324,base_178
30.897459,121.151158,base_179
30.898128,121.536836,base_180
30.898527,121.22367,base_181
30.898595,121.030128,base_182
30.898697,121.172576,base_183
30.899117,121.175731,base_184
30.899462,121.164967,base_185
30.900013,121.049649,base_186
30.900529,121.246804,base_187
30.900531,121.399787,base_188
30.900763,121.246509,base_189
30.901446,121.904248,base_190
30.901978,121.452316,base_191
30.902581,121.167864,base_192
30.903041,121.922883,base_193
30.903117,121.146985,base_194
30.903508,121.331287,base_195
30.90387,121.433071,base_196
30.903899,121.906187,base_197
30.904648,121.173227,base_198
30.904757,121.467941,base_199
30.905367,121.832974,base_200
30.90618,121.178287,base_201
30.908341,121.870538,base_202
30.908378,121.634574,base_203
30.908583,121.656169,base_204
30.909885,121.195459,base_205
30.910085,121.504947,base_206
30.910136,121.843044,base_207
30.910239,121.419143,base_208
30.910821,121.465194,base_209
30.912581,121.465142,base_210
30.912905,121.801126,base_211
30.914669,121.471638,base_212
30.915122,121.560642,base_213
30.9152,121.664095,base_214
30.915686,121.462098,base_215
30.915722,121.763195,base_216
30.91796,121.543057,base_217
30.918205,121.509992,base_218
30.918282,121.639066,base_219
30.918284,120.995861,base_220
30.918525,121.74387,base_221
30.918528,121.113765,base_222
30.919334,121.475563,base_223
30.919514,121.45936,base_224
30.919796,121.459621,base_225
30.919873,121.464262,base_226
30.920156,121.488943,base_227
30.920347,121.057024,base_228
30.921604,121.471336,base_229
30.922611,121.473581,base_230
30.923134,121.481921,base_231
30.92405,121.648972,base_232
30.924981,121.710847,base_233
30.92643,121.782514,base_234
30.926464,121.682732,base_235
30.92668,121.466784,base_236
30.9269,121.467678,base_237
30.929412,121.460403,base_238
30.929541,121.616421,base_239
30.929761,121.587992,base_240
30.929919,121.206039,base_241
30.930023,121.011969,base_242
30.930847,121.490112,base_243
30.931335,121.472783,base_244
30.932475,121.692651,base_245
30.932543,121.716591,base_246
30.933365,121.873737,base_247
30.933573,121.55651,base_248
30.934254,121.279662,base_249
30.934396,121.369499,base_250
30.935029,121.186594,base_251
30.935314,121.733322,base_252
30.93561,121.517165,base_253
30.935837,121.561311,base_254
30.935874,121.692581,base_255
30.936752,121.470783,base_256
30.938138,121.327668,base_257
30.93817,121.865652,base_258
30.939177,121.223182,base_259
30.939279,121.074396,base_260
30.940039,121.548407,base_261
30.940176,121.086747,base_262
30.940804,121.073937,base_263
30.941447,121.293964,base_264
30.941552,121.1676,base_265
30.943662,121.155665,base_266
30.94469,121.299291,base_267
30.945306,121.729327,base_268
30.945561,121.150834,base_269
30.94602,121.106186,base_270
30.946702,121.624426,base_271
30.947965,121.640593,base_272
30.948124,121.381501,base_273
30.948258,121.324472,base_274
30.948533,121.465504,base_275
30.948712,121.365593,base_276
30.949238,121.021134,base_277
30.950067,121.449083,base_278
30.953524,121.483682,base_279
30.953548,121.636227,base_280
30.954604,121.333773,base_281
30.95485,121.328077,base_282
30.955208,121.732358,base_283
30.956183,121.908274,base_284
30.956486,121.40597,base_285
30.956624,121.334663,base_286
30.956973,121.097333,base_287
30.957104,121.146044,base_288
30.957633,121.343012,base_289
30.960195,121.398632,base_290
30.960478,121.057529,base_291
30.960682,121.447242,base_292
30.962059,121.244644,base_293
30.963144,121.39936,base_294
30.963494,121.160188,base_295
30.965531,121.208487,base_296
30.966714,121.771375,base_297
30.967591,121.656531,base_298
30.967758,121.08302,base_299
30.967774,121.447499,base_300
30.969483,121.53972,base_301
30.970389,121.451558,base_302
30.97167,121.185692,base_303
30.972355,121.610007,base_304
30.974035,121.554233,base_305
30.975236,121.195313,base_306
30.975316,121.349759,base_307
30.97533,121.271449,base_308
30.975347,121.032558,base_309
30.975655,121.228194,base_310
30.976182,121.750557,base_311
30.976672,121.459345,base_312
30.977355,121.74808,base_313
30.977517,121.669761,base_314
30.978325,121.70767,base_315
30.978506,121.447689,base_316
30.978588,121.581677,base_317
30.97935,121.815249,base_318
30.979419,121.022464,base_319
30.981236,121.488197,base_320
30.982046,121.207872,base_321
30.983141,121.540945,base_322
30.983162,121.054057,base_323
30.98383,121.235077,base_324
30.983966,121.737727,base_325
30.984047,121.726879,base_326
30.985081,121.691229,base_327
30.986462,121.409757,base_328
30.987088,121.588932,base_329
30.988441,121.87486,base_330
30.989121,121.127308,base_331
30.990222,121.082742,base_332
30.99055,121.126163,base_333
30.990721,121.803969,base_334
30.990942,121.12541,base_335
30.991472,121.430726,base_336
30.991693,121.639711,base_337
30.992078,121.31207,base_338
30.993285,121.36769,base_339
30.993467,121.234309,base_340
30.993594,121.348984,base_341
30.993883,121.129758,base_342
30.994999,121.264867,base_343
30.995671,121.095344,base_344
30.995864,121.568444,base_345
30.996346,121.297687,base_346
30.997412,121.247239,base_347
30.998611,121.216212,base_348
30.999098,121.447826,base_349
30.999472,121.378674,base_350
31.000658,121.659325,base_351
31.00153,121.235235,base_352
31.002291,121.873286,base_353
31.002479,121.390889,base_354
31.003024,121.254796,base_355
31.004198,121.067198,base_356
31.005717,121.202014,base_357
31.006332,121.579916,base_358
31.007327,121.431151,base_359
31.007639,121.416247,base_360
31.00816,121.274391,base_361
31.008378,121.431928,base_362
31.009423,121.245898,base_363
31.00948,121.4998,base_364
31.00953,121.052076,base_365
31.010124,121.538644,base_366
31.010331,121.381275,base_367
31.010467,121.237408,base_368
31.010877,121.240031,base_369
31.011339,121.296295,base_370
31.011886,121.234971,base_371
31.012103,121.414993,base_372
31.012108,121.074488,base_373
31.01217,121.265575,base_374
31.012212,121.413472,base_375
31.012479,121.240994,base_376
31.012788,121.228073,base_377
31.012822,121.051558,base_378
31.012926,121.423939,base_379
31.01294,121.637001,base_380
31.013082,121.391811,base_381
31.013227,121.552205,base_382
31.014893,121.047477,base_383
31.015452,121.154814,base_384
31.015724,121.40907,base_385
31.015959,121.227509,base_386
31.01613,121.203009,base_387
31.016211,121.412788,base_388
31.016895,121.42971,base_389
31.017385,121.715431,base_390
31.018041,121.055413,base_391
31.018176,121.418004,base_392
31.018376,121.40507,base_393
31.018662,121.420209,base_394
31.019246,121.250749,base_395
31.019533,121.388705,base_396
31.019691,121.249497,base_397
31.019982,121.244295,base_398
31.020065,121.23311,base_399
31.020849,121.759757,base_400
31.021245,121.226791,base_401
31.021462,121.321255,base_402
31.021822,121.590566,base_403
31.022923,121.806437,base_404
31.023064,121.534267,base_405
31.023241,121.226517,base_406
31.023331,121.315006,base_407
31.023902,121.350511,base_408
31.024417,121.471297,base_409
31.024911,121.255017,base_410
31.024958,120.918706,base_411
31.025227,121.44251,base_412
31.025516,121.30169,base_413
31.025763,121.541983,base_414
31.026816,121.426094,base_415
31.027984,121.267724,base_416
31.02877,121.456878,base_417
31.030308,121.650922,base_418
31.030352,120.990008,base_419
31.030356,121.535809,base_420
31.030606,121.225475,base_421
31.030657,121.236586,base_422
31.030806,121.396875,base_423
31.031203,121.65009,base_424
31.031459,121.300841,base_425
31.032045,121.783775,base_426
31.032565,121.409407,base_427
31.03333,121.427385,base_428
31.033659,121.577846,base_429
31.034225,121.254609,base_430
31.034322,121.601024,base_431
31.035151,121.544702,base_432
31.035283,121.246093,base_433
31.035335,121.117893,base_434
31.036007,121.46539,base_435
31.036404,121.272345,base_436
31.036429,121.324198,base_437
31.036623,121.377512,base_438
31.036987,121.386554,base_439
31.037068,121.686977,base_440
31.03732,121.18963,base_441
31.037985,121.752781,base_442
31.038201,121.216468,base_443
31.038291,121.194794,base_444
31.038725,121.464203,base_445
31.038799,121.216584,base_446
31.038898,121.23984,base_447
31.038911,121.226883,base_448
31.038935,121.465427,base_449
31.038964,121.2261,base_450
31.039155,121.241352,base_451
31.039158,121.239632,base_452
31.039193,121.604274,base_453
31.039301,121.593594,base_454
31.039411,121.819385,base_455
31.039424,121.225364,base_456
31.039725,121.225427,base_457
31.039851,121.603151,base_458
31.040309,121.308498,base_459
31.040378,121.255563,base_460
31.041182,121.739041,base_461
31.04139,121.741651,base_462
31.041762,120.928733,base_463
31.042021,121.204506,base_464
31.042056,121.720903,base_465
31.042149,121.539262,base_466
31.042348,121.28911,base_467
31.042415,121.482986,base_468
31.043159,121.420296,base_469
31.043246,120.924071,base_470
31.044065,121.537499,base_471
31.044667,121.46191,base_472
31.044697,121.22462,base_473
31.045068,121.232113,base_474
31.045101,121.223676,base_475
31.045313,121.844791,base_476
31.045319,121.846169,base_477
31.045516,121.216817,base_478
31.045834,121.408322,base_479
31.045842,121.756555,base_480
31.045964,121.420076,base_481
31.046524,121.749155,base_482
31.046753,121.062205,base_483
31.046945,121.764826,base_484
31.047441,121.470836,base_485
31.047975,121.785062,base_486
31.04822,121.231928,base_487
31.048503,121.141872,base_488
31.048845,121.231719,base_489
31.049556,121.600672,base_490
31.050344,121.770082,base_491
31.050708,121.217094,base_492
31.051162,121.311884,base_493
31.051247,121.480621,base_494
31.051731,121.423756,base_495
31.051898,121.769904,base_496
31.052253,121.347624,base_497
31.052413,121.218957,base_498
31.052639,121.761696,base_499
31.052986,121.506423,base_500
31.053198,120.907525,base_501
31.053362,121.431405,base_502
31.054051,121.741771,base_503
31.054254,121.087156,base_504
31.054324,121.793035,base_505
31.054506,121.460002,base_506
31.054594,121.339133,base_507
31.054777,121.166179,base_508
31.054947,120.995325,base_509
31.055129,121.770244,base_510
31.056596,121.721736,base_511
31.056648,121.404326,base_512
31.057069,121.599172,base_513
31.057607,121.030715,base_514
31.057696,121.207516,base_515
31.057816,121.413943,base_516
31.05799,121.626154,base_517
31.058092,121.235964,base_518
31.05815,120.970188,base_519
31.058407,121.330724,base_520
31.058805,121.593285,base_521
31.058917,121.770251,base_522
31.058968,121.787072,base_523
31.059304,121.53566,base_524
31.059755,121.389723,base_525
31.060038,121.195223,base_526
31.060535,121.274528,base_527
31.060659,121.399957,base_528
31.061709,121.771457,base_529
31.062583,121.44986,base_530
31.062883,121.744224,base_531
31.063518,121.215539,base_532
31.063923,121.353076,base_533
31.064763,121.396913,base_534
31.065206,121.803371,base_535
31.065995,121.314532,base_536
31.06623,121.321933,base_537
31.066368,121.2082,base_538
31.067235,121.762108,base_539
31.068209,121.373076,base_540
31.068626,121.108326,base_541
31.069261,121.375484,base_542
31.06954,120.928583,base_543
31.069676,121.773361,base_544
31.069757,121.399847,base_545
31.069946,121.719641,base_546
31.070388,121.520258,base_547
31.070388,121.532962,base_548
31.070433,121.467199,base_549
31.07195,121.150279,base_550
31.071955,121.234457,base_551
31.072138,121.661831,base_552
31.072213,121.658885,base_553
31.07252,121.404373,base_554
31.073061,120.970637,base_555
31.073134,121.317814,base_556
31.073706,121.680729,base_557
31.074013,121.407487,base_558
31.074814,121.713455,base_559
31.075231,121.436269,base_560
31.077825,121.33981,base_561
31.078365,121.404647,base_562
31.078561,121.564629,base_563
31.078791,121.422082,base_564
31.080002,121.798389,base_565
31.080824,121.390896,base_566
31.08093,121.159291,base_567
31.08111,121.263537,base_568
31.081475,121.523285,base_569
31.081917,121.062248,base_570
31.082557,121.430065,base_571
31.082614,121.523874,base_572
31.082701,121.448694,base_573
31.084634,120.989297,base_574
31.085146,121.589124,base_575
31.085245,121.533086,base_576
31.08532,121.237002,base_577
31.085713,120.966216,base_578
31.086136,121.507054,base_579
31.086916,121.387535,base_580
31.08705,121.503604,base_581
31.087108,121.371206,base_582
31.087196,121.505435,base_583
31.087224,121.466989,base_584
31.087306,121.275545,base_585
31.087507,121.398717,base_586
31.088099,121.430111,base_587
31.0887,121.513069,base_588
31.088801,121.536584,base_589
31.08906,121.722984,base_590
31.090076,121.406999,base_591
31.091117,121.549904,base_592
31.09201,121.395696,base_593
31.092058,121.38753,base_594
31.092304,120.912151,base_595
31.094143,121.488864,base_596
31.094914,121.43682,base_597
31.095422,121.393617,base_598
31.095884,121.350551,base_599
31.09599,121.238111,base_600
31.096053,121.518157,base_601
31.096325,121.341209,base_602
31.098201,121.323149,base_603
31.098359,121.073778,base_604
31.098558,121.377147,base_605
31.098701,121.582178,base_606
31.099085,121.386207,base_607
31.099126,121.813976,base_608
31.099642,121.449578,base_609
31.099755,121.009542,base_610
31.100034,121.663489,base_611
31.100465,121.401931,base_612
31.10114,121.181649,base_613
31.101299,120.918138,base_614
31.102,121.462298,base_615
31.10221,121.277743,base_616
31.102445,121.413911,base_617
31.10346,121.419988,base_618
31.103599,121.416145,base_619
31.10366,121.420217,base_620
31.103853,121.810034,base_621
31.103957,121.456645,base_622
31.104981,121.360938,base_623
31.105352,121.438535,base_624
31.105808,121.038742,base_625
31.106089,121.039819,base_626
31.106411,121.450195,base_627
31.106732,121.290566,base_628
31.106759,121.398956,base_629
31.107362,121.020176,base_630
31.108567,121.766873,base_631
31.108792,121.061126,base_632
31.108876,121.345256,base_633
31.10888,121.390919,base_634
31.109271,121.617421,base_635
31.109649,121.402441,base_636
31.109666,121.052906,base_637
31.109806,121.242241,base_638
31.109998,121.164842,base_639
31.110093,121.371253,base_640
31.110606,121.517194,base_641
31.110847,121.509512,base_642
31.111061,121.395692,base_643
31.111358,121.020928,base_644
31.111396,121.379353,base_645
31.111607,121.324796,base_646
31.111821,121.385462,base_647
31.111905,121.05229,base_648
31.111986,121.38521,base_649
31.112344,121.480257,base_650
31.112548,121.538798,base_651
31.112806,121.462647,base_652
31.112899,121.367429,base_653
31.113159,121.06421,base_654
31.113501,121.393037,base_655
31.113675,121.383752,base_656
31.113744,121.341878,base_657
31.113798,121.382691,base_658
31.114038,121.415096,base_659
31.114131,121.394475,base_660
31.11447,121.460831,base_661
31.115176,121.36579,base_662
31.115773,120.907942,base_663
31.116021,121.287621,base_664
31.116086,121.488253,base_665
31.116103,121.43571,base_666
31.116535,121.678055,base_667
31.11674,121.586334,base_668
31.116791,121.166516,base_669
31.116903,121.595022,base_670
31.117005,121.271194,base_671
31.1171,121.391692,base_672
31.117844,121.402074,base_673
31.11794,121.457471,base_674
31.118723,121.248449,base_675
31.119287,121.204986,base_676
31.119557,121.036331,base_677
31.119755,121.577952,base_678
31.119806,121.071074,base_679
31.120602,121.581473,base_680
31.120714,121.42693,base_681
31.120753,121.381579,base_682
31.120822,121.29001,base_683
31.120864,121.389141,base_684
31.121127,121.243829,base_685
31.121152,121.141999,base_686
31.121363,121.369095,base_687
31.121932,121.33481,base_688
31.121996,121.393805,base_689
31.122449,121.582926,base_690
31.122623,121.433813,base_691
31.122643,121.734179,base_692
31.122978,121.704554,base_693
31.123026,120.926117,base_694
31.123394,121.278015,base_695
31.123621,121.266561,base_696
31.123763,120.901878,base_697
31.12408,121.716759,base_698
31.124501,121.32791,base_699
31.124664,121.323455,base_700
31.124812,121.508263,base_701
31.125467,121.581832,base_702
31.125695,121.46401,base_703
31.125764,121.562057,base_704
31.126179,121.378046,base_705
31.126339,121.573213,base_706
31.126748,120.934108,base_707
31.126777,121.367557,base_708
31.127217,121.335543,base_709
31.127539,121.389284,base_710
31.127837,121.380654,base_711
31.127879,121.452728,base_712
31.128227,121.45441,base_713
31.128344,121.629697,base_714
31.129363,121.425144,base_715
31.129482,121.192266,base_716
31.129955,121.336848,base_717
31.130862,121.091425,base_718
31.130891,121.472384,base_719
31.13107,121.298444,base_720
31.131231,121.398758,base_721
31.131416,121.429704,base_722
31.132311,121.362691,base_723
31.132602,121.095863,base_724
31.13264,121.32443,base_725
31.132785,121.413457,base_726
31.132833,121.17281,base_727
31.133956,121.526289,base_728
31.134254,121.280533,base_729
31.134484,121.42764,base_730
31.134548,121.39095,base_731
31.134786,121.444969,base_732
31.134917,121.334281,base_733
31.135275,121.765517,base_734
31.13623,121.77848,base_735
31.136777,121.546762,base_736
31.136936,121.325876,base_737
31.137143,121.545715,base_738
31.137509,121.40768,base_739
31.13756,121.339005,base_740
31.137582,121.083916,base_741
31.138371,121.416975,base_742
31.138666,121.398483,base_743
31.139017,121.545465,base_744
31.139021,121.323325,base_745
31.139255,121.409759,base_746
31.139656,121.378972,base_747
31.139657,121.298915,base_748
31.139721,121.673912,base_749
31.140348,121.210964,base_750
31.140384,121.620758,base_751
31.140855,121.360032,base_752
31.140979,121.586245,base_753
31.141245,121.500503,base_754
31.141982,121.459872,base_755
31.142218,121.413767,base_756
31.142588,121.756503,base_757
31.142865,121.330843,base_758
31.142941,121.443942,base_759
31.143297,121.132883,base_760
31.143351,121.352765,base_761
31.143681,121.353698,base_762
31.143754,121.434357,base_763
31.143774,121.519955,base_764
31.143835,120.935676,base_765
31.143965,121.573343,base_766
31.144212,121.50825,base_767
31.144653,121.478451,base_768
31.144812,121.119606,base_769
31.145387,121.61623,base_770
31.145439,121.417433,base_771
31.145641,121.449009,base_772
31.145654,121.375598,base_773
31.145979,121.376079,base_774
31.146112,121.504322,base_775
31.146285,121.518893,base_776
31.146311,121.399951,base_777
31.146522,121.352501,base_778
31.146551,121.235394,base_779
31.147783,121.366475,base_780
31.147903,121.403379,base_781
31.148334,121.420448,base_782
31.148773,121.387158,base_783
31.148785,121.115114,base_784
31.148848,121.314851,base_785
31.149062,121.392526,base_786
31.149628,121.43924,base_787
31.149677,121.729053,base_788
31.149689,121.531301,base_789
31.150193,121.45419,base_790
31.150287,121.471783,base_791
31.150303,121.430423,base_792
31.150398,121.537521,base_793
31.150483,121.491401,base_794
31.150587,121.499019,base_795
31.150662,121.434931,base_796
31.150797,121.728702,base_797
31.150865,121.336324,base_798
31.151008,121.324166,base_799
31.151421,121.279419,base_800
31.151539,121.41109,base_801
31.152045,121.420017,base_802
31.152157,121.514858,base_803
31.152177,121.172752,base_804
31.152182,121.564661,base_805
31.15228,121.118001,base_806
31.152563,121.460663,base_807
31.152571,121.412981,base_808
31.152749,121.182589,base_809
31.153746,121.504388,base_810
31.154144,121.118793,base_811
31.154462,121.123826,base_812
31.154497,121.501351,base_813
31.154675,121.81374,base_814
31.154875,121.131226,base_815
31.154909,121.436989,base_816
31.154923,121.36045,base_817
31.155148,121.597536,base_818
31.155297,121.573504,base_819
31.155342,121.8105,base_820
31.155344,121.2025,base_821
31.155349,121.375527,base_822
31.155384,121.771585,base_823
31.155403,121.57642,base_824
31.15562,121.130864,base_825
31.155848,121.383402,base_826
31.156365,121.41831,base_827
31.156454,121.815297,base_828
31.156811,121.236841,base_829
31.156874,121.348458,base_830
31.156928,121.121902,base_831
31.156954,121.146623,base_832
31.15702,121.106352,base_833
31.157022,121.498865,base_834
31.157151,121.431115,base_835
31.157241,121.418919,base_836
31.157362,121.221594,base_837
31.157536,121.203337,base_838
31.157677,121.424531,base_839
31.158202,121.389411,base_840
31.158515,121.1384,base_841
31.158559,121.319801,base_842
31.158843,121.127268,base_843
31.159304,121.358718,base_844
31.159523,121.435774,base_845
31.159536,121.1442,base_846
31.159569,121.145966,base_847
31.159667,121.515041,base_848
31.159704,121.457647,base_849
31.159756,121.525433,base_850
31.159771,121.58896,base_851
31.160079,121.37079,base_852
31.160199,121.557134,base_853
31.160324,121.508559,base_854
31.160355,121.454785,base_855
31.161027,121.722478,base_856
31.161066,121.354642,base_857
31.161442,121.507559,base_858
31.161635,121.286602,base_859
31.161896,121.135143,base_860
31.162111,121.566673,base_861
31.162282,121.426688,base_862
31.162395,121.353836,base_863
31.162463,121.364262,base_864
31.162714,121.772242,base_865
31.162868,121.448422,base_866
31.163201,121.11139,base_867
31.163339,121.469291,base_868
31.163393,121.381735,base_869
31.1634,121.396418,base_870
31.163432,121.354451,base_871
31.163459,121.574025,base_872
31.16346,121.405127,base_873
31.163705,121.503747,base_874
31.164195,121.330502,base_875
31.164838,121.410811,base_876
31.165339,121.427732,base_877
31.165389,121.119468,base_878
31.16584,121.530742,base_879
31.166007,121.457766,base_880
31.166046,121.642137,base_881
31.166058,121.403691,base_882
31.166365,121.419792,base_883
31.166408,121.569203,base_884
31.16691,121.115166,base_885
31.167279,121.113649,base_886
31.167548,121.425927,base_887
31.167947,121.670231,base_888
31.16807,121.488657,base_889
31.168125,121.503534,base_890
31.168241,121.437559,base_891
31.168296,121.588625,base_892
31.168501,121.402505,base_893
31.168519,121.804669,base_894
31.168688,121.487892,base_895
31.16872,121.768142,base_896
31.168853,121.394657,base_897
31.168922,121.412651,base_898
31.168938,121.54333,base_899
31.169078,121.433389,base_900
31.169488,121.349667,base_901
31.169494,121.302234,base_902
31.169703,121.412163,base_903
31.169796,121.52847,base_904
31.169908,121.418183,base_905
31.170097,121.608906,base_906
31.17023,121.337413,base_907
31.170526,121.34996,base_908
31.170804,121.278846,base_909
31.170967,121.40072,base_910
31.171101,121.507145,base_911
31.17148,121.411456,base_912
31.171648,121.110276,base_913
31.171686,121.441221,base_914
31.171916,121.718029,base_915
31.171972,121.140685,base_916
31.17216,121.347748,base_917
31.17247,121.404203,base_918
31.17255,121.363745,base_919
31.17255,121.405133,base_920
31.172757,121.425965,base_921
31.172778,121.53453,base_922
31.172866,121.434994,base_923
31.173163,121.356571,base_924
31.173828,121.781108,base_925
31.173856,121.350522,base_926
31.174053,121.282683,base_927
31.174203,121.431404,base_928
31.174217,121.289644,base_929
31.174223,121.436719,base_930
31.174287,121.435995,base_931
31.174304,121.436093,base_932
31.1744,121.285083,base_933
31.174661,121.52822,base_934
31.174748,121.39247,base_935
31.175318,121.181299,base_936
31.175621,121.317835,base_937
31.175781,121.643301,base_938
31.175943,121.424363,base_939
31.175983,121.381611,base_940
31.17605,121.431225,base_941
31.17625,121.418829,base_942
31.176379,121.397706,base_943
31.176489,121.188906,base_944
31.17665,121.132941,base_945
31.176807,121.251063,base_946
31.176813,121.439114,base_947
31.176978,121.499522,base_948
31.176998,121.423586,base_949
31.177067,121.370844,base_950
31.177098,121.525845,base_951
31.177169,121.445517,base_952
31.177248,121.51249,base_953
31.177291,121.405153,base_954
31.177439,121.108654,base_955
31.17762,121.511042,base_956
31.177646,121.555355,base_957
31.177836,121.408499,base_958
31.177858,121.346956,base_959
31.178033,121.487803,base_960
31.178088,121.413515,base_961
31.178278,121.606216,base_962
31.178359,121.279284,base_963
31.178673,121.521509,base_964
31.178962,121.388264,base_965
31.179351,121.31286,base_966
31.17939,121.754087,base_967
31.179594,121.55951,base_968
31.179835,121.429502,base_969
31.180043,121.609028,base_970
31.180175,121.422303,base_971
31.18026,121.406339,base_972
31.180466,121.441251,base_973
31.180526,121.349428,base_974
31.180581,121.527653,base_975
31.180728,121.386832,base_976
31.180753,121.749174,base_977
31.180763,121.476049,base_978
31.18078,121.423677,base_979
31.180824,121.525363,base_980
31.180897,121.463904,base_981
31.180994,121.377204,base_982
31.181381,121.688934,base_983
31.181485,121.520026,base_984
31.18158,121.295188,base_985
31.181629,121.510713,base_986
31.181785,121.529159,base_987
31.182032,121.388195,base_988
31.182122,121.377455,base_989
31.182189,121.394088,base_990
31.182198,121.390214,base_991
31.1823,121.394288,base_992
31.182371,121.526439,base_993
31.182415,121.381272,base_994
31.182483,121.5762,base_995
31.182633,121.439015,base_996
31.182725,121.41492,base_997
31.183039,121.434356,base_998
31.183064,121.407773,base_999
31.183323,121.447822,base_1000
31.183857,121.637321,base_1001
31.183859,121.415119,base_1002
31.184319,121.230946,base_1003
31.184327,121.381012,base_1004
31.184347,121.441392,base_1005
31.184426,121.15811,base_1006
31.18458,121.420921,base_1007
31.184752,121.387556,base_1008
31.184883,121.430689,base_1009
31.184888,121.510295,base_1010
31.184951,121.409317,base_1011
31.184979,121.31046,base_1012
31.185044,121.414303,base_1013
31.185065,121.503655,base_1014
31.185126,121.451633,base_1015
31.185189,121.445449,base_1016
31.185228,121.1697,base_1017
31.185812,121.457923,base_1018
31.186057,121.44872,base_1019
31.186176,121.53911,base_1020
31.186202,121.54793,base_1021
31.186411,121.402496,base_1022
31.186465,121.429887,base_1023
31.186628,121.372116,base_1024
31.186698,121.44855,base_1025
31.18674,121.380533,base_1026
31.18713,121.451332,base_1027
31.187254,121.536259,base_1028
31.187384,121.470686,base_1029
31.187492,121.452395,base_1030
31.187712,121.432106,base_1031
31.187829,121.452956,base_1032
31.187859,121.444801,base_1033
31.188068,121.699562,base_1034
31.188145,121.432275,base_1035
31.188183,121.440258,base_1036
31.188258,121.301297,base_1037
31.188332,121.405187,base_1038
31.18851,121.403115,base_1039
31.188512,121.437591,base_1040
31.188514,121.49841,base_1041
31.188696,121.181232,base_1042
31.188821,121.387044,base_1043
31.188877,121.43412,base_1044
31.189,121.431937,base_1045
31.189335,121.781953,base_1046
31.189366,121.443482,base_1047
31.189701,121.543143,base_1048
31.189723,121.356104,base_1049
31.189816,121.430881,base_1050
31.189897,121.354305,base_1051
31.190103,121.485774,base_1052
31.190168,121.467092,base_1053
31.190185,121.443475,base_1054
31.190301,121.566862,base_1055
31.190389,121.457678,base_1056
31.190483,121.434806,base_1057
31.19053,121.445372,base_1058
31.190828,121.420662,base_1059
31.190941,121.420437,base_1060
31.19107,121.554321,base_1061
31.191178,121.46648,base_1062
31.19124,121.507961,base_1063
31.19143,121.411411,base_1064
31.191496,121.41093,base_1065
31.191674,121.699103,base_1066
31.1917,121.440205,base_1067
31.191702,121.449143,base_1068
31.191797,121.442896,base_1069
31.191818,121.538713,base_1070
31.19183,121.59097,base_1071
31.191847,121.381117,base_1072
31.19206,121.438501,base_1073
31.192182,121.466139,base_1074
31.192275,121.462826,base_1075
31.19232,121.142889,base_1076
31.192395,121.748164,base_1077
31.192397,121.384407,base_1078
31.192457,121.443575,base_1079
31.192915,121.682688,base_1080
31.192935,121.39968,base_1081
31.192975,121.449755,base_1082
31.19332,121.430385,base_1083
31.193331,121.599017,base_1084
31.193409,121.393885,base_1085
31.193515,121.531662,base_1086
31.193608,121.448072,base_1087
31.193643,121.402511,base_1088
31.193646,121.449596,base_1089
31.193686,121.423417,base_1090
31.193771,121.546521,base_1091
31.193811,121.373792,base_1092
31.19382,121.49524,base_1093
31.194107,121.399831,base_1094
31.194194,121.456589,base_1095
31.194364,121.400164,base_1096
31.194567,121.453929,base_1097
31.19458,121.436178,base_1098
31.194719,121.448676,base_1099
31.194792,121.466884,base_1100
31.194928,121.366998,base_1101
31.195131,121.418788,base_1102
31.195139,121.385973,base_1103
31.195321,121.445546,base_1104
31.195442,121.754406,base_1105
31.195613,121.40425,base_1106
31.195623,121.398393,base_1107
31.195642,121.446626,base_1108
31.19565,121.439802,base_1109
31.195709,121.424093,base_1110
31.195877,121.597043,base_1111
31.195887,121.591747,base_1112
31.195907,121.410659,base_1113
31.19601,121.444227,base_1114
31.196135,121.558528,base_1115
31.19622,121.468181,base_1116
31.196266,121.537132,base_1117
31.196602,121.461665,base_1118
31.196975,121.440602,base_1119
31.197034,121.391103,base_1120
31.19706,121.095538,base_1121
31.197114,121.442853,base_1122
31.197152,121.444999,base_1123
31.197367,121.479142,base_1124
31.197512,121.470198,base_1125
31.197573,121.37641,base_1126
31.197573,121.454035,base_1127
31.197656,121.463533,base_1128
31.197909,121.426542,base_1129
31.198048,121.604048,base_1130
31.198093,121.126168,base_1131
31.198113,121.590353,base_1132
31.198142,121.446688,base_1133
31.198268,121.383605,base_1134
31.198273,121.445101,base_1135
31.198372,121.355749,base_1136
31.198673,121.479377,base_1137
31.19868,121.485666,base_1138
31.198799,121.383701,base_1139
31.198836,121.215066,base_1140
31.198912,121.444187,base_1141
31.198952,121.70244,base_1142
31.198953,121.516066,base_1143
31.19907,121.517372,base_1144
31.199096,121.401958,base_1145
31.199128,121.540588,base_1146
31.19914,121.438003,base_1147
31.19927,121.6228,base_1148
31.199522,121.44697,base_1149
31.199535,121.456715,base_1150
31.199721,121.325753,base_1151
31.19979,121.389906,base_1152
31.200179,121.551597,base_1153
31.200224,121.316463,base_1154
31.200248,121.474414,base_1155
31.200249,121.443811,base_1156
31.200293,121.400145,base_1157
31.200428,121.437655,base_1158
31.200432,121.447381,base_1159
31.200668,121.480775,base_1160
31.200719,121.519009,base_1161
31.200779,121.533917,base_1162
31.200783,121.446011,base_1163
31.200811,121.444401,base_1164
31.200865,121.448273,base_1165
31.200875,121.481499,base_1166
31.200882,121.446511,base_1167
31.201009,121.610969,base_1168
31.201064,121.438699,base_1169
31.201121,121.445016,base_1170
31.201237,121.669336,base_1171
31.201251,121.561484,base_1172
31.201259,121.40143,base_1173
31.201279,121.709485,base_1174
31.201303,121.434409,base_1175
31.201321,121.404211,base_1176
31.201647,121.420098,base_1177
31.20172,121.743118,base_1178
31.201817,121.452116,base_1179
31.201959,121.61095,base_1180
31.201965,121.452457,base_1181
31.201966,121.545756,base_1182
31.202004,121.591317,base_1183
31.202075,121.187355,base_1184
31.202103,121.445912,base_1185
31.202118,121.395128,base_1186
31.202262,121.564812,base_1187
31.202395,121.6278,base_1188
31.202883,121.476296,base_1189
31.202912,121.712449,base_1190
31.203019,121.443614,base_1191
31.203031,121.443586,base_1192
31.203194,121.46865,base_1193
31.203225,121.399229,base_1194
31.203252,121.441646,base_1195
31.203422,121.526246,base_1196
31.203473,121.445984,base_1197
31.203552,121.371544,base_1198
31.203621,121.393816,base_1199
31.20367,121.543991,base_1200
31.203742,121.461251,base_1201
31.203911,121.590509,base_1202
31.203978,121.423912,base_1203
31.203981,121.483421,base_1204
31.203987,121.520591,base_1205
31.204036,121.437644,base_1206
31.20414,121.406657,base_1207
31.204179,121.538588,base_1208
31.204322,121.455438,base_1209
31.204343,121.407018,base_1210
31.204349,121.693531,base_1211
31.204601,121.484087,base_1212
31.204614,121.432408,base_1213
31.204763,121.526768,base_1214
31.204999,121.471193,base_1215
31.205115,121.492127,base_1216
31.205759,121.26316,base_1217
31.205813,121.413544,base_1218
31.205839,121.462046,base_1219
31.206089,121.105074,base_1220
31.206194,121.456569,base_1221
31.206201,121.085991,base_1222
31.206458,121.562768,base_1223
31.206547,121.306923,base_1224
31.206573,121.701043,base_1225
31.206668,121.449678,base_1226
31.206761,121.399923,base_1227
31.20694,121.459659,base_1228
31.206958,121.591146,base_1229
31.207094,121.713617,base_1230
31.207125,121.299924,base_1231
31.207139,121.449578,base_1232
31.207205,121.482691,base_1233
31.207247,121.572933,base_1234
31.207251,121.407122,base_1235
31.207348,121.70185,base_1236
31.207679,121.489691,base_1237
31.2077,121.669382,base_1238
31.208108,121.41483,base_1239
31.208153,121.41083,base_1240
31.208346,121.544892,base_1241
31.208384,121.466365,base_1242
31.208403,121.441631,base_1243
31.208589,121.524447,base_1244
31.20901,121.478403,base_1245
31.209025,121.616514,base_1246
31.20907,121.436851,base_1247
31.209182,121.535827,base_1248
31.209182,121.752433,base_1249
31.209344,121.414036,base_1250
31.209424,121.530284,base_1251
31.209454,121.524245,base_1252
31.209479,121.702069,base_1253
31.209598,121.437679,base_1254
31.209644,121.56447,base_1255
31.209704,121.368486,base_1256
31.209857,121.644884,base_1257
31.209872,121.409627,base_1258
31.209904,121.234203,base_1259
31.209905,121.37472,base_1260
31.209913,121.425292,base_1261
31.209934,121.604472,base_1262
31.210033,121.405714,base_1263
31.210053,121.464569,base_1264
31.210101,121.414922,base_1265
31.210354,121.595268,base_1266
31.210579,121.384648,base_1267
31.210579,121.453849,base_1268
31.210582,121.529652,base_1269
31.2106,121.411728,base_1270
31.210632,121.477007,base_1271
31.210657,121.474053,base_1272
31.210843,121.491168,base_1273
31.210887,121.315496,base_1274
31.210891,121.3779,base_1275
31.211021,121.569582,base_1276
31.211093,121.409091,base_1277
31.211107,121.59082,base_1278
31.211337,121.413801,base_1279
31.211339,121.406552,base_1280
31.21138,121.728982,base_1281
31.2114,121.476689,base_1282
31.211485,121.403238,base_1283
31.211492,121.571765,base_1284
31.211534,121.510558,base_1285
31.211574,121.366182,base_1286
31.211591,121.499553,base_1287
31.211598,121.439406,base_1288
31.211617,121.486703,base_1289
31.211634,121.520845,base_1290
31.211641,121.474534,base_1291
31.211757,121.46438,base_1292
31.21176,121.45331,base_1293
31.211781,121.405437,base_1294
31.211846,121.475732,base_1295
31.212027,121.491516,base_1296
31.212034,121.476918,base_1297
31.212113,121.444193,base_1298
31.212328,121.407081,base_1299
31.21245,121.637072,base_1300
31.212572,121.537172,base_1301
31.212718,121.447853,base_1302
31.212793,121.494061,base_1303
31.213015,121.547755,base_1304
31.213061,121.483541,base_1305
31.21309,121.531691,base_1306
31.213212,121.470589,base_1307
31.213332,121.619545,base_1308
31.213397,121.413655,base_1309
31.21351,121.3728,base_1310
31.213561,121.634923,base_1311
31.213582,121.38377,base_1312
31.213659,121.455113,base_1313
31.213659,121.504661,base_1314
31.213701,121.41802,base_1315
31.213728,121.386102,base_1316
31.213849,121.43028,base_1317
31.213903,121.410198,base_1318
31.214059,121.37764,base_1319
31.214115,121.406884,base_1320
31.214193,121.376945,base_1321
31.214209,121.659493,base_1322
31.214342,121.376038,base_1323
31.214561,121.298904,base_1324
31.2146,121.522908,base_1325
31.214641,121.525998,base_1326
31.214683,121.551574,base_1327
31.214689,121.426655,base_1328
31.214719,121.624972,base_1329
31.214741,121.427168,base_1330
31.214767,121.444427,base_1331
31.214958,121.527054,base_1332
31.214969,121.586763,base_1333
31.215028,121.438872,base_1334
31.215081,121.481286,base_1335
31.215246,121.604329,base_1336
31.215311,121.523574,base_1337
31.215347,121.134685,base_1338
31.21535,121.46606,base_1339
31.215381,121.439262,base_1340
31.215428,121.660427,base_1341
31.215664,121.46829,base_1342
31.215893,121.558154,base_1343
31.216092,121.508679,base_1344
31.216146,121.472933,base_1345
31.216269,121.435171,base_1346
31.216359,121.397227,base_1347
31.216371,121.601926,base_1348
31.216462,121.677078,base_1349
31.216472,121.413336,base_1350
31.216526,121.326846,base_1351
31.216528,121.439617,base_1352
31.216531,121.541197,base_1353
31.216659,121.391301,base_1354
31.216682,121.468605,base_1355
31.216686,121.493011,base_1356
31.216752,121.476401,base_1357
31.217037,121.43649,base_1358
31.217073,121.524494,base_1359
31.217074,121.510123,base_1360
31.217162,121.411803,base_1361
31.217217,121.558644,base_1362
31.217237,121.432824,base_1363
31.217249,121.504369,base_1364
31.217261,121.391532,base_1365
31.217315,121.635295,base_1366
31.217323,121.753758,base_1367
31.217372,121.460724,base_1368
31.217476,121.494788,base_1369
31.217512,121.533844,base_1370
31.217516,121.452872,base_1371
31.21759,121.40829,base_1372
31.217655,121.534591,base_1373
31.217682,121.499709,base_1374
31.217729,121.472441,base_1375
31.217968,121.41467,base_1376
31.218005,121.430759,base_1377
31.218016,121.568018,base_1378
31.218022,121.504024,base_1379
31.218201,121.487151,base_1380
31.218516,121.463689,base_1381
31.21852,121.44019,base_1382
31.218716,121.568667,base_1383
31.218812,121.401309,base_1384
31.21882,121.436387,base_1385
31.218858,121.465451,base_1386
31.218928,121.402968,base_1387
31.21899,121.492002,base_1388
31.219088,121.428934,base_1389
31.219114,121.423499,base_1390
31.219133,121.524846,base_1391
31.219239,121.418564,base_1392
31.219437,121.374523,base_1393
31.219455,121.098597,base_1394
31.21953,121.455395,base_1395
31.219533,121.427561,base_1396
31.219647,121.446669,base_1397
31.219656,121.49234,base_1398
31.219856,121.568149,base_1399
31.219945,121.285654,base_1400
31.219947,121.467027,base_1401
31.220133,121.471187,base_1402
31.220334,121.367655,base_1403
31.220416,121.529149,base_1404
31.220424,121.383546,base_1405
31.220434,121.408625,base_1406
31.220649,121.35994,base_1407
31.220745,121.438858,base_1408
31.220809,121.305363,base_1409
31.221001,121.731159,base_1410
31.221052,121.503967,base_1411
31.221201,121.497347,base_1412
31.22121,121.411568,base_1413
31.221319,121.166272,base_1414
31.22132,121.438917,base_1415
31.221325,121.448881,base_1416
31.221346,121.201454,base_1417
31.22135,121.391319,base_1418
31.221591,121.351862,base_1419
31.221662,121.539905,base_1420
31.221688,121.462858,base_1421
31.221705,121.642288,base_1422
31.221777,121.558508,base_1423
31.221876,121.687381,base_1424
31.222119,121.454078,base_1425
31.222168,121.378951,base_1426
31.222233,121.623547,base_1427
31.222272,121.438997,base_1428
31.222328,121.461659,base_1429
31.22255,121.440445,base_1430
31.22258,121.428599,base_1431
31.222609,121.378494,base_1432
31.222754,121.459663,base_1433
31.22278,121.450373,base_1434
31.223004,121.465956,base_1435
31.223017,121.465143,base_1436
31.223107,121.454329,base_1437
31.223114,121.522857,base_1438
31.223117,121.504741,base_1439
31.223134,121.43817,base_1440
31.223175,121.184646,base_1441
31.223297,121.430839,base_1442
31.223306,121.378382,base_1443
31.223367,121.46595,base_1444
31.223411,121.428559,base_1445
31.223446,121.432052,base_1446
31.223648,121.467523,base_1447
31.223665,121.458791,base_1448
31.223721,121.482534,base_1449
31.223981,121.478274,base_1450
31.224006,121.423572,base_1451
31.224117,121.4732,base_1452
31.224126,121.547664,base_1453
31.224154,121.43807,base_1454
31.224226,121.43839,base_1455
31.224373,121.364172,base_1456
31.224385,121.143509,base_1457
31.224391,121.489143,base_1458
31.224452,121.511537,base_1459
31.224487,121.452917,base_1460
31.224539,121.550163,base_1461
31.224551,121.547983,base_1462
31.224552,121.482535,base_1463
31.224718,121.344451,base_1464
31.224731,121.43464,base_1465
31.224758,121.446392,base_1466
31.224841,121.440899,base_1467
31.224855,121.480154,base_1468
31.225092,121.38464,base_1469
31.225207,121.452948,base_1470
31.225266,121.444323,base_1471
31.225269,121.491889,base_1472
31.225275,121.47164,base_1473
31.225318,121.437806,base_1474
31.225477,121.448153,base_1475
31.225653,121.480878,base_1476
31.225663,121.452017,base_1477
31.225675,121.364645,base_1478
31.225831,121.36681,base_1479
31.225831,121.412695,base_1480
31.22622,121.506261,base_1481
31.22626,121.551311,base_1482
31.226286,121.600124,base_1483
31.22656,121.490417,base_1484
31.226563,121.483486,base_1485
31.226676,121.555069,base_1486
31.226708,121.481109,base_1487
31.226966,121.53174,base_1488
31.226998,121.556375,base_1489
31.22714,121.391029,base_1490
31.22716,121.386851,base_1491
31.227165,121.480195,base_1492
31.227167,121.633295,base_1493
31.227254,121.402789,base_1494
31.227544,121.537532,base_1495
31.227666,121.431017,base_1496
31.227762,121.495598,base_1497
31.227795,121.254172,base_1498
31.227864,121.638217,base_1499
31.227933,121.45361,base_1500
31.228014,121.477667,base_1501
31.228017,121.444777,base_1502
31.228047,121.425893,base_1503
31.228282,121.556676,base_1504
31.228542,121.538488,base_1505
31.228627,121.480756,base_1506
31.228634,121.536498,base_1507
31.228726,121.482748,base_1508
31.228755,121.523626,base_1509
31.228847,121.338653,base_1510
31.228852,121.541643,base_1511
31.228906,121.451142,base_1512
31.228927,121.486896,base_1513
31.228956,121.481687,base_1514
31.228956,121.535003,base_1515
31.22903,121.3909,base_1516
31.229057,121.452254,base_1517
31.229071,121.452449,base_1518
31.229094,121.480266,base_1519
31.229148,121.495962,base_1520
31.229151,121.484838,base_1521
31.229191,121.453189,base_1522
31.229203,121.449776,base_1523
31.229334,121.368291,base_1524
31.229645,121.481533,base_1525
31.22978,121.540987,base_1526
31.229886,121.536598,base_1527
31.229998,121.538807,base_1528
31.230109,121.434393,base_1529
31.230201,121.308739,base_1530
31.230277,121.448573,base_1531
31.230287,121.557116,base_1532
31.230363,121.5056,base_1533
31.230395,121.46599,base_1534
31.230405,121.534439,base_1535
31.230406,121.482326,base_1536
31.230429,121.468099,base_1537
31.230519,121.520449,base_1538
31.230671,121.552848,base_1539
31.230748,121.485488,base_1540
31.230933,121.347295,base_1541
31.23095,121.537305,base_1542
31.230981,121.542285,base_1543
31.231035,121.555602,base_1544
31.231068,121.4021,base_1545
31.231119,121.484436,base_1546
31.231316,121.54242,base_1547
31.231328,121.487479,base_1548
31.231339,121.543694,base_1549
31.231369,121.403139,base_1550
31.231401,121.497622,base_1551
31.231468,121.537215,base_1552
31.231508,121.577691,base_1553
31.231585,121.517218,base_1554
31.231663,121.428471,base_1555
31.231687,121.32576,base_1556
31.2317,121.546506,base_1557
31.231749,121.486203,base_1558
31.231815,121.464062,base_1559
31.232002,121.359292,base_1560
31.232095,121.20583,base_1561
31.232268,121.541982,base_1562
31.232395,121.564673,base_1563
31.232407,121.652986,base_1564
31.232518,121.465177,base_1565
31.232527,121.530359,base_1566
31.232548,121.478971,base_1567
31.232639,121.705254,base_1568
31.23271,121.455345,base_1569
31.232729,121.566935,base_1570
31.23282,121.468049,base_1571
31.232853,121.486408,base_1572
31.232857,121.475333,base_1573
31.232877,121.48753,base_1574
31.232893,121.380242,base_1575
31.232971,121.47882,base_1576
31.23301,121.442524,base_1577
31.23301,121.556388,base_1578
31.233011,121.523809,base_1579
31.233051,121.455285,base_1580
31.233059,121.458379,base_1581
31.233107,121.417598,base_1582
31.233112,121.442667,base_1583
31.233151,121.530498,base_1584
31.233185,121.481944,base_1585
31.233201,121.469528,base_1586
31.23341,121.483804,base_1587
31.233431,121.471698,base_1588
31.233452,121.480931,base_1589
31.233516,121.491431,base_1590
31.233617,121.523688,base_1591
31.233629,121.532011,base_1592
31.233644,121.525549,base_1593
31.233645,121.53018,base_1594
31.233659,121.565806,base_1595
31.233674,121.498294,base_1596
31.233679,121.494765,base_1597
31.233708,121.454373,base_1598
31.233761,121.670586,base_1599
31.233973,121.41641,base_1600
31.233983,121.455055,base_1601
31.233984,121.524823,base_1602
31.234004,121.276012,base_1603
31.234093,121.475011,base_1604
31.234105,121.34044,base_1605
31.234168,121.473173,base_1606
31.234221,121.462296,base_1607
31.234225,121.525481,base_1608
31.23423,121.119889,base_1609
31.23423,121.436418,base_1610
31.234238,121.521932,base_1611
31.234259,121.52572,base_1612
31.234382,121.531106,base_1613
31.234496,121.521516,base_1614
31.234499,121.463079,base_1615
31.234528,121.528657,base_1616
31.234545,121.743402,base_1617
31.234688,121.502656,base_1618
31.234709,121.436318,base_1619
31.234737,121.513936,base_1620
31.23478,121.51668,base_1621
31.234787,121.498324,base_1622
31.234796,121.533464,base_1623
31.234835,121.527767,base_1624
31.234867,121.46325,base_1625
31.234885,121.529933,base_1626
31.234888,121.447606,base_1627
31.234916,121.447878,base_1628
31.235043,121.523389,base_1629
31.235072,121.518805,base_1630
31.235154,121.533056,base_1631
31.235177,121.451385,base_1632
31.235247,121.383101,base_1633
31.235309,121.529189,base_1634
31.235341,121.477273,base_1635
31.23537,121.522706,base_1636
31.235419,121.486195,base_1637
31.23543,121.447652,base_1638
31.235453,121.653548,base_1639
31.235454,121.172523,base_1640
31.235461,121.498056,base_1641
31.2355,121.417315,base_1642
31.235501,121.402602,base_1643
31.235554,121.479641,base_1644
31.235631,121.567852,base_1645
31.235682,121.487831,base_1646
31.235847,121.536101,base_1647
31.235908,121.57067,base_1648
31.235929,121.449652,base_1649
31.23593,121.220028,base_1650
31.235982,121.466191,base_1651
31.236009,121.478941,base_1652
31.236055,121.434759,base_1653
31.236104,121.375177,base_1654
31.236138,121.463199,base_1655
31.236173,121.466734,base_1656
31.236177,121.493181,base_1657
31.236197,121.485283,base_1658
31.236337,121.490883,base_1659
31.236339,121.52576,base_1660
31.236369,121.476308,base_1661
31.236381,121.484201,base_1662
31.236405,121.432864,base_1663
31.236431,121.460781,base_1664
31.236531,121.491325,base_1665
31.236576,121.465894,base_1666
31.23672,121.488128,base_1667
31.236728,121.42407,base_1668
31.236742,121.385193,base_1669
31.236743,121.36086,base_1670
31.236828,121.514196,base_1671
31.236842,121.433815,base_1672
31.236856,121.40554,base_1673
31.236862,121.355595,base_1674
31.236897,121.363985,base_1675
31.236926,121.454604,base_1676
31.236935,121.106513,base_1677
31.236991,121.441554,base_1678
31.237022,121.546184,base_1679
31.237221,121.467334,base_1680
31.237435,121.455917,base_1681
31.237596,121.488614,base_1682
31.237635,121.476519,base_1683
31.237667,121.434224,base_1684
31.237696,121.382534,base_1685
31.237789,121.461058,base_1686
31.23787,121.543207,base_1687
31.237872,121.470259,base_1688
31.237926,121.46594,base_1689
31.237944,121.693732,base_1690
31.237955,121.493402,base_1691
31.237961,121.477253,base_1692
31.23811,121.493447,base_1693
31.238385,121.521449,base_1694
31.238392,121.428006,base_1695
31.238453,121.377045,base_1696
31.238517,121.429012,base_1697
31.238561,121.455041,base_1698
31.238593,121.450062,base_1699
31.238616,121.477514,base_1700
31.238742,121.530031,base_1701
31.238774,121.496149,base_1702
31.238801,121.386263,base_1703
31.238815,121.559352,base_1704
31.238839,121.438593,base_1705
31.238943,121.498554,base_1706
31.239025,121.551622,base_1707
31.23909,121.474138,base_1708
31.239094,121.519821,base_1709
31.239149,121.488022,base_1710
31.23923,121.483027,base_1711
31.239319,121.265377,base_1712
31.23936,121.488752,base_1713
31.239454,121.46057,base_1714
31.239474,121.495166,base_1715
31.239492,121.486003,base_1716
31.239615,121.489026,base_1717
31.239655,121.478097,base_1718
31.239726,121.139516,base_1719
31.239726,121.510008,base_1720
31.239743,121.512257,base_1721
31.23976,121.482648,base_1722
31.239763,121.540092,base_1723
31.239804,121.545118,base_1724
31.239836,121.497502,base_1725
31.239862,121.490491,base_1726
31.240013,121.487148,base_1727
31.24018,121.506063,base_1728
31.240285,121.546323,base_1729
31.240405,121.569186,base_1730
31.240412,121.147662,base_1731
31.240412,121.45723,base_1732
31.240453,121.511773,base_1733
31.240478,121.526884,base_1734
31.240561,121.459431,base_1735
31.240587,121.402322,base_1736
31.240588,121.379145,base_1737
31.240601,121.442307,base_1738
31.24062,121.428563,base_1739
31.240661,121.512436,base_1740
31.240686,121.480699,base_1741
31.240806,121.481992,base_1742
31.240837,121.409164,base_1743
31.240865,121.426827,base_1744
31.240869,121.481603,base_1745
31.240874,121.518086,base_1746
31.240977,121.494087,base_1747
31.240979,121.677316,base_1748
31.241014,121.48529,base_1749
31.241036,121.374063,base_1750
31.241054,121.449606,base_1751
31.241084,121.467265,base_1752
31.241188,121.483341,base_1753
31.241223,121.45891,base_1754
31.241234,121.460559,base_1755
31.241242,121.517216,base_1756
31.241274,121.36272,base_1757
31.241362,121.395822,base_1758
31.241369,121.458067,base_1759
31.24143,121.475172,base_1760
31.241577,121.485099,base_1761
31.241674,121.485882,base_1762
31.241675,121.441049,base_1763
31.241739,121.537288,base_1764
31.241762,121.50497,base_1765
31.241765,121.496726,base_1766
31.24188,121.487961,base_1767
31.2419,121.506952,base_1768
31.242039,121.687875,base_1769
31.242078,121.331128,base_1770
31.242082,121.522779,base_1771
31.242132,121.488632,base_1772
31.242152,121.609858,base_1773
31.242157,121.568785,base_1774
31.242208,121.509707,base_1775
31.242261,121.507912,base_1776
31.242324,121.221984,base_1777
31.242355,121.490982,base_1778
31.242363,121.480168,base_1779
31.242365,121.503571,base_1780
31.242512,121.481432,base_1781
31.242514,121.493696,base_1782
31.24256,121.490511,base_1783
31.242584,121.449606,base_1784
31.242627,121.730079,base_1785
31.242706,121.49688,base_1786
31.242744,121.425797,base_1787
31.242808,121.420927,base_1788
31.242837,121.455083,base_1789
31.242841,121.391309,base_1790
31.242864,121.426322,base_1791
31.242867,121.490229,base_1792
31.242893,121.465382,base_1793
31.242948,121.608734,base_1794
31.242967,121.51048,base_1795
31.242991,121.515376,base_1796
31.243013,121.416207,base_1797
31.243061,121.517168,base_1798
31.243189,121.515482,base_1799
31.243213,121.504331,base_1800
31.243266,121.443875,base_1801
31.243292,121.518833,base_1802
31.243338,121.253922,base_1803
31.243446,121.675041,base_1804
31.243463,121.4907,base_1805
31.243532,121.330166,base_1806
31.243709,121.197504,base_1807
31.243738,121.475784,base_1808
31.243738,121.486223,base_1809
31.243869,121.440506,base_1810
31.243917,121.496829,base_1811
31.243974,121.555758,base_1812
31.244102,121.437744,base_1813
31.244229,121.475231,base_1814
31.244249,121.675329,base_1815
31.244292,121.495265,base_1816
31.244479,121.429372,base_1817
31.24448,121.37062,base_1818
31.244555,121.5099,base_1819
31.244559,121.724977,base_1820
31.244568,121.441817,base_1821
31.244701,121.514543,base_1822
31.24478,121.505751,base_1823
31.244859,121.489305,base_1824
31.244865,121.549508,base_1825
31.244931,121.50832,base_1826
31.245005,121.517227,base_1827
31.245183,121.484965,base_1828
31.245215,121.601813,base_1829
31.245242,121.479617,base_1830
31.245393,121.705496,base_1831
31.245488,121.513767,base_1832
31.245569,121.5156,base_1833
31.245624,121.522839,base_1834
31.245663,121.449725,base_1835
31.245814,121.411472,base_1836
31.24583,121.392643,base_1837
31.245938,121.422548,base_1838
31.246038,121.531441,base_1839
31.246059,121.362706,base_1840
31.246097,121.39928,base_1841
31.246106,121.443663,base_1842
31.246176,121.494923,base_1843
31.246271,121.425156,base_1844
31.246345,121.45371,base_1845
31.246371,121.513215,base_1846
31.246387,121.458214,base_1847
31.24641,121.548541,base_1848
31.246433,121.443184,base_1849
31.246512,121.514772,base_1850
31.246527,121.534982,base_1851
31.246573,121.495702,base_1852
31.246573,121.509144,base_1853
31.24672,121.38645,base_1854
31.246782,121.528695,base_1855
31.246871,121.409978,base_1856
31.246935,121.49406,base_1857
31.246946,121.513919,base_1858
31.247009,121.47942,base_1859
31.247026,121.448423,base_1860
31.24708,121.419525,base_1861
31.247155,121.23112,base_1862
31.247519,121.322265,base_1863
31.247569,121.41575,base_1864
31.247628,121.510061,base_1865
31.247688,121.528106,base_1866
31.247703,121.536476,base_1867
31.247886,121.391323,base_1868
31.247955,121.495452,base_1869
31.247971,121.513421,base_1870
31.248135,121.539233,base_1871
31.248146,121.441241,base_1872
31.248195,121.490929,base_1873
31.24822,121.296297,base_1874
31.248325,121.158122,base_1875
31.248429,121.463698,base_1876
31.248482,121.53958,base_1877
31.248587,121.277434,base_1878
31.248657,121.537875,base_1879
31.248715,121.481228,base_1880
31.248836,121.463246,base_1881
31.248866,121.478438,base_1882
31.249067,121.543826,base_1883
31.249162,121.487899,base_1884
31.249226,121.448568,base_1885
31.249356,121.410275,base_1886
31.249796,121.582523,base_1887
31.249854,121.497793,base_1888
31.249918,121.47846,base_1889
31.249972,121.422237,base_1890
31.25007,121.546845,base_1891
31.250145,121.450312,base_1892
31.250271,121.406561,base_1893
31.250332,121.594504,base_1894
31.250339,121.440196,base_1895
31.25037,121.488549,base_1896
31.250428,121.460956,base_1897
31.250629,121.598677,base_1898
31.250674,121.47282,base_1899
31.250734,121.487731,base_1900
31.250767,121.458177,base_1901
31.25079,121.48933,base_1902
31.250814,121.449225,base_1903
31.250826,121.578689,base_1904
31.250978,121.44639,base_1905
31.250986,121.460075,base_1906
31.251005,121.418683,base_1907
31.251094,121.416046,base_1908
31.251161,121.489743,base_1909
31.251211,121.491022,base_1910
31.251239,121.428578,base_1911
31.251313,121.488307,base_1912
31.251358,121.485526,base_1913
31.25142,121.449186,base_1914
31.251584,121.4917,base_1915
31.251614,121.464007,base_1916
31.251619,121.486701,base_1917
31.251746,121.488779,base_1918
31.251883,121.418603,base_1919
31.251894,121.464026,base_1920
31.251986,121.456773,base_1921
31.252105,121.56398,base_1922
31.252241,121.57094,base_1923
31.252264,121.38269,base_1924
31.252347,121.459317,base_1925
31.252404,121.435035,base_1926
31.252485,121.549613,base_1927
31.252495,121.390194,base_1928
31.252588,121.463263,base_1929
31.252686,121.491508,base_1930
31.252877,121.148181,base_1931
31.252974,121.502684,base_1932
31.25316,121.459116,base_1933
31.253206,121.459958,base_1934
31.253346,121.448039,base_1935
31.253394,121.389864,base_1936
31.253405,121.091261,base_1937
31.253467,121.447489,base_1938
31.253601,121.4782,base_1939
31.253657,121.443859,base_1940
31.25372,121.437778,base_1941
31.253808,121.483756,base_1942
31.25393,121.455087,base_1943
31.254042,121.464758,base_1944
31.254111,121.408424,base_1945
31.254124,121.605142,base_1946
31.254166,121.224476,base_1947
31.25423,121.461072,base_1948
31.254308,121.459288,base_1949
31.254534,121.34772,base_1950
31.254643,121.569349,base_1951
31.254745,121.556081,base_1952
31.254912,121.371838,base_1953
31.25495,121.739898,base_1954
31.254981,121.623923,base_1955
31.255025,121.199554,base_1956
31.255173,121.403569,base_1957
31.255248,121.416487,base_1958
31.255256,121.500499,base_1959
31.255293,121.49343,base_1960
31.255582,121.363523,base_1961
31.25563,121.508513,base_1962
31.255872,121.493382,base_1963
31.255905,121.430231,base_1964
31.255942,121.38141,base_1965
31.256071,121.462096,base_1966
31.256113,121.510151,base_1967
31.256151,121.557845,base_1968
31.256232,121.498254,base_1969
31.256426,121.61001,base_1970
31.256537,121.625952,base_1971
31.256559,121.43557,base_1972
31.256584,121.4705,base_1973
31.256595,121.493953,base_1974
31.256654,121.599709,base_1975
31.256767,121.438713,base_1976
31.256803,121.522183,base_1977
31.256807,121.518545,base_1978
31.257123,121.503291,base_1979
31.257553,121.311711,base_1980
31.257724,121.595342,base_1981
31.257756,121.601633,base_1982
31.25821,121.479271,base_1983
31.258255,121.471554,base_1984
31.258321,121.496097,base_1985
31.258361,121.594427,base_1986
31.25841,121.392912,base_1987
31.258441,121.461361,base_1988
31.258454,121.440744,base_1989
31.258483,121.368346,base_1990
31.258551,121.584794,base_1991
31.258629,121.491056,base_1992
31.25863,121.490496,base_1993
31.258656,121.472538,base_1994
31.25867,121.428896,base_1995
31.258677,121.392956,base_1996
31.258745,121.370293,base_1997
31.25879,121.627202,base_1998
31.258903,121.441965,base_1999
31.258982,121.494994,base_2000
31.25901,121.65797,base_2001
31.259098,121.373134,base_2002
31.259114,121.376147,base_2003
31.259135,121.616618,base_2004
31.259267,121.369254,base_2005
31.259319,121.494159,base_2006
31.259353,121.427018,base_2007
31.259633,121.594477,base_2008
31.259739,121.488421,base_2009
31.259763,121.089338,base_2010
31.259841,121.618221,base_2011
31.260165,121.541462,base_2012
31.260173,121.348277,base_2013
31.260191,121.617048,base_2014
31.260217,121.525816,base_2015
31.260348,121.542138,base_2016
31.260365,121.454262,base_2017
31.260429,121.426787,base_2018
31.260465,121.461228,base_2019
31.260555,121.410883,base_2020
31.260709,121.087935,base_2021
31.260715,121.622366,base_2022
31.260723,121.490166,base_2023
31.260724,121.469924,base_2024
31.260742,121.399188,base_2025
31.260814,121.490337,base_2026
31.260816,121.36983,base_2027
31.260835,121.366953,base_2028
31.260888,121.340352,base_2029
31.260903,121.618966,base_2030
31.260959,121.562594,base_2031
31.261132,121.093167,base_2032
31.261499,121.457989,base_2033
31.26153,121.582783,base_2034
31.261563,121.376836,base_2035
31.261655,121.474716,base_2036
31.261924,121.568031,base_2037
31.262004,121.350318,base_2038
31.262032,121.117499,base_2039
31.262045,121.446891,base_2040
31.262048,121.458128,base_2041
31.262311,121.449241,base_2042
31.262331,121.563212,base_2043
31.262448,121.504717,base_2044
31.262746,121.517701,base_2045
31.262756,121.625447,base_2046
31.262941,121.602924,base_2047
31.262993,121.08814,base_2048
31.26338,121.433161,base_2049
31.26338,121.517162,base_2050
31.263495,121.496653,base_2051
31.263574,121.586365,base_2052
31.263651,121.573401,base_2053
31.263678,121.468663,base_2054
31.263762,121.481215,base_2055
31.263879,121.49436,base_2056
31.264003,121.489834,base_2057
31.264146,121.532591,base_2058
31.264302,121.428277,base_2059
31.264391,121.519923,base_2060
31.264405,121.489289,base_2061
31.264433,121.541398,base_2062
31.264477,121.44249,base_2063
31.264503,121.715846,base_2064
31.264645,121.446818,base_2065
31.26484,121.498029,base_2066
31.264874,121.459338,base_2067
31.265,121.48958,base_2068
31.265054,121.456413,base_2069
31.265321,121.503333,base_2070
31.265326,121.394456,base_2071
31.265413,121.564718,base_2072
31.265604,121.567367,base_2073
31.265705,121.420959,base_2074
31.265902,121.537589,base_2075
31.265918,121.428644,base_2076
31.265994,121.519353,base_2077
31.26604,121.399004,base_2078
31.266108,121.341404,base_2079
31.266232,121.402951,base_2080
31.266257,121.506521,base_2081
31.266413,121.351003,base_2082
31.266483,121.545252,base_2083
31.266646,121.609157,base_2084
31.266666,121.598298,base_2085
31.266679,121.539067,base_2086
31.266743,121.481644,base_2087
31.266813,121.512658,base_2088
31.267263,121.086225,base_2089
31.267266,121.385292,base_2090
31.267478,121.5468,base_2091
31.26748,121.57859,base_2092
31.267528,121.490264,base_2093
31.267542,121.685192,base_2094
31.267571,121.5032,base_2095
31.2676,121.541803,base_2096
31.267654,121.473299,base_2097
31.267673,121.346341,base_2098
31.267737,121.529422,base_2099
31.267826,121.521146,base_2100
31.267858,121.495135,base_2101
31.267888,121.46753,base_2102
31.268106,121.49354,base_2103
31.268263,121.394134,base_2104
31.268538,121.49713,base_2105
31.268642,121.332479,base_2106
31.268663,121.428101,base_2107
31.268862,121.434292,base_2108
31.268884,121.44402,base_2109
31.268894,121.692432,base_2110
31.26905,121.627732,base_2111
31.269517,121.498812,base_2112
31.269521,121.153127,base_2113
31.269535,121.4975,base_2114
31.269868,121.533249,base_2115
31.269929,121.453419,base_2116
31.269951,121.336766,base_2117
31.26999,121.472205,base_2118
31.270144,121.354637,base_2119
31.270279,121.531241,base_2120
31.270302,121.398224,base_2121
31.270362,121.612773,base_2122
31.270369,121.443633,base_2123
31.270493,121.353356,base_2124
31.270571,121.476897,base_2125
31.270626,121.5908,base_2126
31.270785,121.465575,base_2127
31.270809,121.543999,base_2128
31.271086,121.549327,base_2129
31.271455,121.513192,base_2130
31.271472,121.494721,base_2131
31.2716,121.465223,base_2132
31.271819,121.546358,base_2133
31.272151,121.375814,base_2134
31.272162,121.459351,base_2135
31.272257,121.513471,base_2136
31.272659,121.601779,base_2137
31.272769,121.57809,base_2138
31.272774,121.436412,base_2139
31.273019,121.307617,base_2140
31.273024,121.42572,base_2141
31.273045,121.546148,base_2142
31.273183,121.488391,base_2143
31.273189,121.472745,base_2144
31.273242,121.499598,base_2145
31.273276,121.1303,base_2146
31.27328,121.47376,base_2147
31.273451,121.681542,base_2148
31.27369,121.537119,base_2149
31.273767,121.222048,base_2150
31.273966,121.429374,base_2151
31.273982,121.512661,base_2152
31.274169,121.221302,base_2153
31.27431,121.448589,base_2154
31.274336,121.39328,base_2155
31.274417,121.257132,base_2156
31.274419,121.475879,base_2157
31.274535,121.48034,base_2158
31.274536,121.097082,base_2159
31.274564,121.51979,base_2160
31.27495,121.506381,base_2161
31.275255,121.45991,base_2162
31.275331,121.286529,base_2163
31.2754,121.485024,base_2164
31.275472,121.436799,base_2165
31.275801,121.484797,base_2166
31.275929,121.473484,base_2167
31.276178,121.553996,base_2168
31.276268,121.683198,base_2169
31.276315,121.564096,base_2170
31.276317,121.524794,base_2171
31.276349,121.39526,base_2172
31.276567,121.483483,base_2173
31.276616,121.593917,base_2174
31.276718,121.371696,base_2175
31.276741,121.514196,base_2176
31.276778,121.542361,base_2177
31.27688,121.420858,base_2178
31.276883,121.507533,base_2179
31.276982,121.460649,base_2180
31.277147,121.514954,base_2181
31.27726,121.460289,base_2182
31.277484,121.382842,base_2183
31.277512,121.287969,base_2184
31.277576,121.460905,base_2185
31.277632,121.380997,base_2186
31.277766,121.433047,base_2187
31.27795,121.538718,base_2188
31.278008,121.492049,base_2189
31.278028,121.583992,base_2190
31.278145,121.452159,base_2191
31.278161,121.486144,base_2192
31.278478,121.420747,base_2193
31.278711,121.514214,base_2194
31.278753,121.505741,base_2195
31.278808,121.419722,base_2196
31.278892,121.710661,base_2197
31.278997,121.510278,base_2198
31.279012,121.514374,base_2199
31.279258,121.474153,base_2200
31.279298,121.485756,base_2201
31.279322,121.466136,base_2202
31.279562,121.467095,base_2203
31.279618,121.439189,base_2204
31.27975,121.497791,base_2205
31.2798,121.459715,base_2206
31.280003,121.361419,base_2207
31.280091,121.519684,base_2208
31.28023,121.543164,base_2209
31.280262,121.364633,base_2210
31.280339,121.402957,base_2211
31.280348,121.592755,base_2212
31.280389,121.467635,base_2213
31.280452,121.480426,base_2214
31.280857,121.169253,base_2215
31.280867,121.656939,base_2216
31.281363,121.459935,base_2217
31.281567,121.557955,base_2218
31.281665,121.42621,base_2219
31.281772,121.484273,base_2220
31.281813,121.354285,base_2221
31.281917,121.435906,base_2222
31.281993,121.464732,base_2223
31.281994,121.631556,base_2224
31.282237,121.42091,base_2225
31.282271,121.524511,base_2226
31.282514,121.343407,base_2227
31.283201,121.665402,base_2228
31.283289,121.510576,base_2229
31.283403,121.541263,base_2230
31.283733,121.149832,base_2231
31.283777,121.379482,base_2232
31.283793,121.518888,base_2233
31.28386,121.530324,base_2234
31.283959,121.416644,base_2235
31.284042,121.583676,base_2236
31.284086,121.212427,base_2237
31.284148,121.481157,base_2238
31.284292,121.273506,base_2239
31.284348,121.564303,base_2240
31.284385,121.511361,base_2241
31.284675,121.516006,base_2242
31.284953,121.489071,base_2243
31.285059,121.406807,base_2244
31.285391,121.497527,base_2245
31.285418,121.47179,base_2246
31.285698,121.612262,base_2247
31.285741,121.626244,base_2248
31.285798,121.546427,base_2249
31.285861,121.507007,base_2250
31.285944,121.44442,base_2251
31.286022,121.497436,base_2252
31.286066,121.474323,base_2253
31.286253,121.531109,base_2254
31.28627,121.599397,base_2255
31.286501,121.363758,base_2256
31.286523,121.538876,base_2257
31.286632,121.552094,base_2258
31.28711,121.226904,base_2259
31.287524,121.51338,base_2260
31.287554,121.539,base_2261
31.287632,121.458734,base_2262
31.287814,121.355886,base_2263
31.288044,121.356098,base_2264
31.288102,121.122551,base_2265
31.288233,121.304952,base_2266
31.288572,121.534233,base_2267
31.288583,121.428686,base_2268
31.288667,121.527375,base_2269
31.288777,121.390078,base_2270
31.289072,121.481426,base_2271
31.28915,121.229167,base_2272
31.289282,121.378597,base_2273
31.289489,121.341656,base_2274
31.289509,121.447288,base_2275
31.289528,121.412608,base_2276
31.289793,121.455017,base_2277
31.289799,121.455117,base_2278
31.290316,121.457814,base_2279
31.290434,121.425041,base_2280
31.290502,121.434311,base_2281
31.290758,121.514018,base_2282
31.290887,121.435064,base_2283
31.290912,121.498587,base_2284
31.29092,121.359453,base_2285
31.29099,121.697503,base_2286
31.291143,121.472012,base_2287
31.291192,121.65263,base_2288
31.291242,121.489761,base_2289
31.291293,121.559335,base_2290
31.291587,121.511561,base_2291
31.291773,121.203129,base_2292
31.292008,121.36941,base_2293
31.292462,121.271212,base_2294
31.292519,121.549839,base_2295
31.292582,121.508354,base_2296
31.292661,121.305822,base_2297
31.292699,121.478195,base_2298
31.292709,121.497635,base_2299
31.292717,121.482235,base_2300
31.292718,121.410291,base_2301
31.292867,121.42296,base_2302
31.293519,121.22306,base_2303
31.293561,121.362372,base_2304
31.293762,121.442609,base_2305
31.293848,121.528021,base_2306
31.294057,121.171316,base_2307
31.294155,121.418063,base_2308
31.294157,121.432501,base_2309
31.294194,121.316828,base_2310
31.294215,121.527852,base_2311
31.294378,121.567937,base_2312
31.294393,121.497298,base_2313
31.294508,121.537685,base_2314
31.294598,121.206157,base_2315
31.294609,121.526886,base_2316
31.294781,121.494788,base_2317
31.294834,121.431554,base_2318
31.294885,121.244609,base_2319
31.295004,121.516367,base_2320
31.295335,121.555781,base_2321
31.295347,121.515155,base_2322
31.295365,121.16604,base_2323
31.295646,121.498045,base_2324
31.296101,121.505474,base_2325
31.296226,121.494005,base_2326
31.296405,121.392803,base_2327
31.296619,121.497055,base_2328
31.296656,121.483976,base_2329
31.297053,121.52596,base_2330
31.29711,121.519384,base_2331
31.297281,121.505124,base_2332
31.297527,121.376,base_2333
31.297689,121.447357,base_2334
31.297887,121.62077,base_2335
31.298177,121.473198,base_2336
31.298418,121.539277,base_2337
31.298668,121.541944,base_2338
31.298712,121.617334,base_2339
31.298752,121.491919,base_2340
31.299073,121.552202,base_2341
31.299183,121.628904,base_2342
31.299261,121.578516,base_2343
31.299291,121.454034,base_2344
31.299376,121.670896,base_2345
31.299613,121.442959,base_2346
31.29962,121.536202,base_2347
31.299734,121.531717,base_2348
31.299749,121.170321,base_2349
31.299799,121.530915,base_2350
31.299851,121.163211,base_2351
31.299874,121.298501,base_2352
31.29992,121.669771,base_2353
31.300084,121.504034,base_2354
31.300119,121.532041,base_2355
31.300338,121.526827,base_2356
31.30048,121.469206,base_2357
31.300493,121.323029,base_2358
31.300545,121.170082,base_2359
31.300693,121.496182,base_2360
31.30092,121.16892,base_2361
31.301024,121.509195,base_2362
31.301057,121.388942,base_2363
31.301105,121.430139,base_2364
31.301132,121.177821,base_2365
31.301307,121.33124,base_2366
31.301584,121.490912,base_2367
31.301602,121.487289,base_2368
31.301749,121.457406,base_2369
31.301877,121.353206,base_2370
31.301954,121.54744,base_2371
31.301967,121.515226,base_2372
31.302,121.670498,base_2373
31.302086,121.510034,base_2374
31.302288,121.510464,base_2375
31.302355,121.515812,base_2376
31.302746,121.376994,base_2377
31.302901,121.553485,base_2378
31.303224,121.308726,base_2379
31.303333,121.455058,base_2380
31.303373,121.4429,base_2381
31.303478,121.55082,base_2382
31.30361,121.492602,base_2383
31.30379,121.455146,base_2384
31.3038,121.450721,base_2385
31.303976,121.474504,base_2386
31.304036,121.448053,base_2387
31.304081,121.326517,base_2388
31.30446,121.426575,base_2389
31.304538,121.526838,base_2390
31.304576,121.522177,base_2391
31.304737,121.522227,base_2392
31.304918,121.497837,base_2393
31.305114,121.41898,base_2394
31.305124,121.454071,base_2395
31.305269,121.397452,base_2396
31.305433,121.435633,base_2397
31.305522,121.483135,base_2398
31.306089,121.474725,base_2399
31.306306,121.28988,base_2400
31.30647,121.492925,base_2401
31.3065,121.429743,base_2402
31.306637,121.523563,base_2403
31.30685,121.519579,base_2404
31.307142,121.362041,base_2405
31.307198,121.511929,base_2406
31.307215,121.486962,base_2407
31.307268,121.521916,base_2408
31.307339,121.534119,base_2409
31.307358,121.524928,base_2410
31.307614,121.526541,base_2411
31.307814,121.504168,base_2412
31.307911,121.518921,base_2413
31.308192,121.667576,base_2414
31.30835,121.657013,base_2415
31.308523,121.423052,base_2416
31.308902,121.502016,base_2417
31.308964,121.403345,base_2418
31.309,121.525098,base_2419
31.309342,121.580807,base_2420
31.309645,121.4911,base_2421
31.310089,121.640057,base_2422
31.310235,121.437455,base_2423
31.310425,121.439368,base_2424
31.310614,121.476617,base_2425
31.311026,121.456026,base_2426
31.311329,121.495756,base_2427
31.311405,121.553882,base_2428
31.311631,121.354326,base_2429
31.311763,121.21253,base_2430
31.311942,121.54204,base_2431
31.312069,121.172955,base_2432
31.312117,121.474859,base_2433
31.312192,121.456456,base_2434
31.312291,121.46631,base_2435
31.312494,121.157796,base_2436
31.312672,121.593011,base_2437
31.312825,121.491112,base_2438
31.312979,121.545236,base_2439
31.313065,121.417971,base_2440
31.313444,121.309439,base_2441
31.31394,121.382812,base_2442
31.313954,121.499987,base_2443
31.314038,121.509762,base_2444
31.314113,121.110731,base_2445
31.314136,121.549429,base_2446
31.314684,121.522729,base_2447
31.315501,121.535127,base_2448
31.315735,121.534779,base_2449
31.315817,121.359172,base_2450
31.315825,121.532151,base_2451
31.316181,121.405014,base_2452
31.316557,121.516135,base_2453
31.316634,121.657988,base_2454
31.31724,121.237444,base_2455
31.317294,121.460019,base_2456
31.317417,121.48383,base_2457
31.317512,121.404518,base_2458
31.317584,121.626266,base_2459
31.317624,121.405225,base_2460
31.31764,121.496784,base_2461
31.317987,120.619907,base_2462
31.318258,121.167266,base_2463
31.318281,121.447698,base_2464
31.318369,121.407014,base_2465
31.318389,121.653955,base_2466
31.318438,121.497035,base_2467
31.318646,121.53899,base_2468
31.318661,121.194317,base_2469
31.318695,121.410448,base_2470
31.318974,121.412838,base_2471
31.319077,121.331853,base_2472
31.319422,121.469372,base_2473
31.319501,121.584673,base_2474
31.319806,121.526248,base_2475
31.320121,121.459018,base_2476
31.320829,121.389518,base_2477
31.320837,121.542217,base_2478
31.32087,121.393055,base_2479
31.321039,121.453913,base_2480
31.321416,121.215,base_2481
31.323091,121.364299,base_2482
31.323113,121.616609,base_2483
31.323457,121.57815,base_2484
31.323598,121.638883,base_2485
31.324066,121.536866,base_2486
31.324375,121.433451,base_2487
31.324464,121.387532,base_2488
31.324905,121.29416,base_2489
31.325382,121.553285,base_2490
31.325552,121.473746,base_2491
31.32589,121.477565,base_2492
31.326138,121.48973,base_2493
31.326418,121.501541,base_2494
31.326513,121.490258,base_2495
31.326619,121.493433,base_2496
31.326648,121.304442,base_2497
31.327041,121.661258,base_2498
31.327049,121.443238,base_2499
31.32712,121.254377,base_2500
31.32719,121.53013,base_2501
31.327299,121.452936,base_2502
31.327319,121.462047,base_2503
31.327484,121.406697,base_2504
31.327488,121.437837,base_2505
31.32755,121.15343,base_2506
31.327657,121.544364,base_2507
31.328439,121.384246,base_2508
31.328545,121.538592,base_2509
31.32899,121.323419,base_2510
31.330908,121.45516,base_2511
31.331055,121.52962,base_2512
31.331242,121.225906,base_2513
31.33167,121.440751,base_2514
31.331954,121.451325,base_2515
31.332113,121.451373,base_2516
31.332214,121.21858,base_2517
31.332279,121.286543,base_2518
31.333313,121.333805,base_2519
31.333315,121.188402,base_2520
31.333408,121.552846,base_2521
31.334186,121.50238,base_2522
31.334437,121.640763,base_2523
31.334449,121.536876,base_2524
31.33454,121.46611,base_2525
31.335141,121.413142,base_2526
31.335151,121.590721,base_2527
31.337091,121.543621,base_2528
31.337218,121.465181,base_2529
31.337262,121.473928,base_2530
31.337637,121.446597,base_2531
31.337749,121.579688,base_2532
31.33775,121.306733,base_2533
31.338059,121.289933,base_2534
31.338453,121.449399,base_2535
31.33876,121.437747,base_2536
31.33881,121.604229,base_2537
31.339114,121.321261,base_2538
31.339206,121.453188,base_2539
31.3397,121.298473,base_2540
31.339843,121.232133,base_2541
31.340297,121.26652,base_2542
31.340851,121.63262,base_2543
31.341175,121.618019,base_2544
31.341417,121.271089,base_2545
31.342336,121.605688,base_2546
31.342417,121.40922,base_2547
31.343106,121.455682,base_2548
31.343354,121.59331,base_2549
31.343386,121.208271,base_2550
31.344291,121.487858,base_2551
31.344366,121.51915,base_2552
31.344675,121.443963,base_2553
31.344797,121.500999,base_2554
31.345443,121.596458,base_2555
31.346682,121.49352,base_2556
31.346801,121.577398,base_2557
31.348039,121.147744,base_2558
31.348418,121.427796,base_2559
31.348473,121.384381,base_2560
31.348925,121.178176,base_2561
31.349748,121.506246,base_2562
31.350476,121.519951,base_2563
31.350554,121.391849,base_2564
31.350616,121.589116,base_2565
31.351256,121.519123,base_2566
31.351912,121.58074,base_2567
31.352538,121.490272,base_2568
31.353347,121.441038,base_2569
31.353624,121.155902,base_2570
31.354948,121.496863,base_2571
31.355364,121.537096,base_2572
31.355465,121.412867,base_2573
31.355737,121.403678,base_2574
31.355885,121.375057,base_2575
31.356238,121.568226,base_2576
31.356305,121.293716,base_2577
31.356868,121.555161,base_2578
31.357217,121.439635,base_2579
31.357773,121.508693,base_2580
31.358014,121.37617,base_2581
31.358732,121.508333,base_2582
31.358748,121.52806,base_2583
31.359311,121.310645,base_2584
31.359545,121.18156,base_2585
31.359987,121.417748,base_2586
31.360292,121.583955,base_2587
31.360948,121.595293,base_2588
31.360977,121.444195,base_2589
31.36124,121.451839,base_2590
31.361645,121.475443,base_2591
31.362367,121.461011,base_2592
31.364338,121.251014,base_2593
31.364407,121.561457,base_2594
31.364503,121.391608,base_2595
31.365012,121.504701,base_2596
31.365408,121.245027,base_2597
31.365913,121.177965,base_2598
31.366638,121.43543,base_2599
31.367392,121.276877,base_2600
31.367578,121.31858,base_2601
31.368461,121.372259,base_2602
31.369006,121.25552,base_2603
31.3691,121.415317,base_2604
31.370243,121.576881,base_2605
31.370336,121.265507,base_2606
31.370388,121.187891,base_2607
31.370457,121.470415,base_2608
31.370654,121.459272,base_2609
31.370992,121.177459,base_2610
31.371366,121.236234,base_2611
31.371694,121.443832,base_2612
31.371973,121.278978,base_2613
31.37219,121.448243,base_2614
31.37273,121.546117,base_2615
31.373175,121.438741,base_2616
31.373346,121.135761,base_2617
31.373432,121.490334,base_2618
31.374842,121.264224,base_2619
31.375832,121.389413,base_2620
31.376534,121.563363,base_2621
31.376717,121.539395,base_2622
31.378141,121.503801,base_2623
31.378285,121.436137,base_2624
31.378631,121.277965,base_2625
31.379455,121.372876,base_2626
31.379546,121.260455,base_2627
31.380093,121.517779,base_2628
31.380359,121.304458,base_2629
31.381763,121.301878,base_2630
31.382369,121.258579,base_2631
31.382497,121.548578,base_2632
31.382771,121.291756,base_2633
31.382812,121.242351,base_2634
31.38336,121.420672,base_2635
31.383625,121.268069,base_2636
31.38417,121.344688,base_2637
31.384186,121.484871,base_2638
31.384742,121.277311,base_2639
31.385543,121.469415,base_2640
31.386162,121.255053,base_2641
31.387389,121.431922,base_2642
31.387987,121.495216,base_2643
31.387989,121.396749,base_2644
31.388641,121.444174,base_2645
31.389487,121.259676,base_2646
31.390234,121.254572,base_2647
31.39034,121.272165,base_2648
31.391131,121.251789,base_2649
31.391154,121.246483,base_2650
31.392798,121.246646,base_2651
31.395438,121.472743,base_2652
31.395694,121.391302,base_2653
31.395845,121.450008,base_2654
31.395915,121.363062,base_2655
31.395973,121.258897,base_2656
31.396351,121.44222,base_2657
31.396658,121.496972,base_2658
31.396687,121.378844,base_2659
31.39714,121.507729,base_2660
31.397562,121.15864,base_2661
31.397648,121.28551,base_2662
31.397749,121.267217,base_2663
31.398623,121.409041,base_2664
31.399445,121.464161,base_2665
31.400853,121.483671,base_2666
31.401391,121.463758,base_2667
31.402193,121.367083,base_2668
31.402222,121.493387,base_2669
31.402828,121.48779,base_2670
31.403259,121.447841,base_2671
31.40369,121.255993,base_2672
31.404161,121.47109,base_2673
31.404925,121.473328,base_2674
31.405231,121.506638,base_2675
31.405792,121.489703,base_2676
31.406017,121.240101,base_2677
31.406426,121.476433,base_2678
31.407391,121.490586,base_2679
31.409644,121.303936,base_2680
31.410089,121.244982,base_2681
31.410197,121.500761,base_2682
31.410254,121.496122,base_2683
31.410741,121.442349,base_2684
31.410799,121.48934,base_2685
31.412391,121.491247,base_2686
31.412982,121.496282,base_2687
31.41351,121.367585,base_2688
31.413754,121.202263,base_2689
31.414397,121.481621,base_2690
31.414938,121.486809,base_2691
31.415037,121.260851,base_2692
31.415226,121.349387,base_2693
31.415595,121.188844,base_2694
31.4163,121.496785,base_2695
31.417324,121.491388,base_2696
31.4189,121.295725,base_2697
31.4193,121.285094,base_2698
31.419608,121.431596,base_2699
31.420016,121.44113,base_2700
31.420118,121.349715,base_2701
31.420803,121.280523,base_2702
31.421831,121.349166,base_2703
31.42225,121.355698,base_2704
31.423181,121.387917,base_2705
31.423448,121.433415,base_2706
31.425786,121.422506,base_2707
31.426865,121.351198,base_2708
31.42718,121.33925,base_2709
31.427978,121.433301,base_2710
31.429482,121.184088,base_2711
31.430211,121.28239,base_2712
31.430745,121.187414,base_2713
31.431346,121.222574,base_2714
31.432457,121.359456,base_2715
31.434069,121.448741,base_2716
31.436148,121.224416,base_2717
31.436901,121.294601,base_2718
31.437104,121.31285,base_2719
31.43737,121.432451,base_2720
31.441487,121.179013,base_2721
31.441726,121.246593,base_2722
31.444014,121.25661,base_2723
31.444231,121.225828,base_2724
31.447176,121.385936,base_2725
31.450256,121.254671,base_2726
31.452354,121.33861,base_2727
31.453478,121.256429,base_2728
31.455174,121.413981,base_2729
31.456227,121.359857,base_2730
31.456258,121.413525,base_2731
31.456615,121.221022,base_2732
31.459342,121.319364,base_2733
31.459469,121.412299,base_2734
31.460409,121.401649,base_2735
31.462643,121.331794,base_2736
31.463063,121.345403,base_2737
31.467705,121.201637,base_2738
31.468523,121.425585,base_2739
31.46933,121.246736,base_2740
31.469563,121.384552,base_2741
31.473557,121.331298,base_2742
31.475425,121.356951,base_2743
31.48259,121.348661,base_2744
31.483764,121.274813,base_2745
31.486771,121.360405,base_2746
31.488248,121.349833,base_2747
31.492475,121.328439,base_2748
31.492988,121.292044,base_2749
31.497375,121.324955,base_2750
31.501733,121.334549,base_2751
31.50595,121.282812,base_2752
31.571904,121.158978,base_2753
32.902077,109.42358,base_2754
34.556383,118.79231,base_2755
34.638922,119.467017,base_2756
34.689694,112.407126,base_2757
34.798608,116.090395,base_2758
35.24116,113.276351,base_2759
35.379598,116.072359,base_2760
35.522852,102.0076,base_2761
36.406412,102.003965,base_2762
38.052584,114.484137,base_2763
39.084494,117.236165,base_2764
39.612987,118.20604,base_2765
41.677262,125.960124,base_2766
41.835279,123.498927,base_2767
46.247857,128.762232,base_2768
46.777465,131.812182,base_2769
47.35092,130.301233,base_2770